window,congress,area,level,total_articles,resolved_articles,eu27_uk_articles,spain_articles,unresolved_articles,coverage_rate,coverage_pct,spain_share_world_resolved,spain_share_eu27_uk,spain_share_eu27_uk_pct,area_report_label,rank_spain_in_window
2001-2005,ICRA,IA / ML,A*,3703,3631,932,111,72,0.980556,98.056,0.03057,0.119099,11.91,IA / ML,1
2001-2005,IROS,IA / ML,A,2821,2742,683,87,79,0.971996,97.2,0.031729,0.127379,12.738,IA / ML,2
2001-2005,IPDPS,Sistemas,A,1934,1856,604,74,78,0.959669,95.967,0.039871,0.122517,12.252,"Sistemas, arquitectura y computación",3
2001-2005,Interspeech,IA / ML,A,3790,1460,615,63,2330,0.385224,38.522,0.043151,0.102439,10.244,IA / ML,4
2001-2005,DATE,Sistemas,A,1292,1071,533,42,221,0.828947,82.895,0.039216,0.078799,7.88,"Sistemas, arquitectura y computación",5
2001-2005,CP,Teoría,A,511,482,331,39,29,0.943249,94.325,0.080913,0.117825,11.782,Teoría,6
2001-2005,ICME,IA / ML,A,1860,1793,374,28,67,0.963978,96.398,0.015616,0.074866,7.487,IA / ML,7
2001-2005,PPSN,IA / ML,A,208,206,151,27,2,0.990385,99.038,0.131068,0.178808,17.881,IA / ML,8
2001-2005,AAMAS,IA / ML,A,1092,789,332,25,303,0.722527,72.253,0.031686,0.075301,7.53,IA / ML,9
2001-2005,CaiSE,Ing. del Software,A,231,226,154,21,5,0.978355,97.835,0.09292,0.136364,13.636,Ingeniería del Software,10
2001-2005,MICCAI,IA / ML,A,1182,1171,532,21,11,0.990694,99.069,0.017933,0.039474,3.947,IA / ML,11
2001-2005,ER,Bases de datos,A,245,235,111,20,10,0.959184,95.918,0.085106,0.18018,18.018,Bases de datos,12
2001-2005,ICS,Sistemas,A,193,190,49,18,3,0.984456,98.446,0.094737,0.367347,36.735,"Sistemas, arquitectura y computación",13
2001-2005,ECIR,Bases de datos,A,155,154,123,16,1,0.993548,99.355,0.103896,0.130081,13.008,Bases de datos,14
2001-2005,ECAI,IA / ML,A,413,138,113,15,275,0.33414,33.414,0.108696,0.132743,13.274,IA / ML,15
2001-2005,GECCO,IA / ML,A,859,624,210,15,235,0.726426,72.643,0.024038,0.071429,7.143,IA / ML,16
2001-2005,ICALP,Teoría,A*,486,475,298,14,11,0.977366,97.737,0.029474,0.04698,4.698,Teoría,17
2001-2005,HPCA,Sistemas,A*,150,146,26,13,4,0.973333,97.333,0.089041,0.5,50.0,"Sistemas, arquitectura y computación",18
2001-2005,ICSME,Ing. del Software,A,415,382,184,13,33,0.920482,92.048,0.034031,0.070652,7.065,Ingeniería del Software,19
2001-2005,MICRO,Sistemas,A*,168,157,21,12,11,0.934524,93.452,0.076433,0.571429,57.143,"Sistemas, arquitectura y computación",20
2001-2005,ACMMM,IA / ML,A*,768,750,150,11,18,0.976562,97.656,0.014667,0.073333,7.333,IA / ML,21
2001-2005,IJCAI,IA / ML,A*,846,193,67,11,653,0.228132,22.813,0.056995,0.164179,16.418,IA / ML,22
2001-2005,ITC,Sistemas,A,899,784,191,11,115,0.87208,87.208,0.014031,0.057592,5.759,"Sistemas, arquitectura y computación",23
2001-2005,RE,Ing. del Software,A,304,225,97,9,79,0.740132,74.013,0.04,0.092784,9.278,Ingeniería del Software,24
2001-2005,SC,Sistemas,A,326,315,55,9,11,0.966258,96.626,0.028571,0.163636,16.364,"Sistemas, arquitectura y computación",25
2001-2005,ICDAR,IA / ML,A,728,701,190,8,27,0.962912,96.291,0.011412,0.042105,4.211,IA / ML,26
2001-2005,ICSE,Ing. del Software,A*,647,570,208,8,77,0.880989,88.099,0.014035,0.038462,3.846,Ingeniería del Software,27
2001-2005,ICSOC,Ing. del Software,A,128,124,72,8,4,0.96875,96.875,0.064516,0.111111,11.111,Ingeniería del Software,28
2001-2005,ISCA,Sistemas,A*,164,152,18,8,12,0.926829,92.683,0.052632,0.444444,44.444,"Sistemas, arquitectura y computación",29
2001-2005,RTSS,Sistemas,A,186,178,56,8,8,0.956989,95.699,0.044944,0.142857,14.286,"Sistemas, arquitectura y computación",30
2006-2010,IROS,IA / ML,A,4323,4232,1446,156,91,0.97895,97.895,0.036862,0.107884,10.788,IA / ML,1
2006-2010,ICRA,IA / ML,A*,3737,3677,1219,137,60,0.983944,98.394,0.037259,0.112387,11.239,IA / ML,2
2006-2010,Interspeech,IA / ML,A,3719,2594,1159,106,1125,0.697499,69.75,0.040864,0.091458,9.146,IA / ML,3
2006-2010,GECCO,IA / ML,A,1599,1597,744,98,2,0.998749,99.875,0.061365,0.13172,13.172,IA / ML,4
2006-2010,IPDPS,Sistemas,A,1916,1869,665,86,47,0.97547,97.547,0.046014,0.129323,12.932,"Sistemas, arquitectura y computación",5
2006-2010,SIGIR,Bases de datos,A*,1005,1001,358,47,4,0.99602,99.602,0.046953,0.131285,13.128,Bases de datos,6
2006-2010,WWW,Bases de datos,A*,1119,1101,312,41,18,0.983914,98.391,0.037239,0.13141,13.141,Bases de datos,7
2006-2010,DATE,Sistemas,A,1523,1392,709,40,131,0.913986,91.399,0.028736,0.056417,5.642,"Sistemas, arquitectura y computación",8
2006-2010,MICCAI,IA / ML,A,1231,1218,604,38,13,0.989439,98.944,0.031199,0.062914,6.291,IA / ML,9
2006-2010,CIKM,Bases de datos,A,1174,1171,303,36,3,0.997445,99.744,0.030743,0.118812,11.881,Bases de datos,10
2006-2010,ECAI,IA / ML,A,685,431,360,35,254,0.629197,62.92,0.081206,0.097222,9.722,IA / ML,11
2006-2010,CVPR,IA / ML,A*,1887,1850,518,32,37,0.980392,98.039,0.017297,0.061776,6.178,IA / ML,12
2006-2010,ICDAR,IA / ML,A,535,521,219,31,14,0.973832,97.383,0.059501,0.141553,14.155,IA / ML,13
2006-2010,ICME,IA / ML,A,2303,2256,477,30,47,0.979592,97.959,0.013298,0.062893,6.289,IA / ML,14
2006-2010,PPSN,IA / ML,A,220,218,159,29,2,0.990909,99.091,0.133028,0.18239,18.239,IA / ML,15
2006-2010,ECIR,Bases de datos,A,411,404,287,28,7,0.982968,98.297,0.069307,0.097561,9.756,Bases de datos,16
2006-2010,ACMMM,IA / ML,A*,1250,1244,375,25,6,0.9952,99.52,0.020096,0.066667,6.667,IA / ML,17
2006-2010,ER,Bases de datos,A,222,220,133,25,2,0.990991,99.099,0.113636,0.18797,18.797,Bases de datos,18
2006-2010,CaiSE,Ing. del Software,A,205,202,156,23,3,0.985366,98.537,0.113861,0.147436,14.744,Ingeniería del Software,19
2006-2010,SIGGRAPH,HCI,A*,2536,1837,538,22,699,0.724369,72.437,0.011976,0.040892,4.089,HCI,20
2006-2010,SAT,Teoría,A,186,184,104,21,2,0.989247,98.925,0.11413,0.201923,20.192,Teoría,21
2006-2010,AAMAS,IA / ML,A,893,573,212,19,320,0.641657,64.166,0.033159,0.089623,8.962,IA / ML,22
2006-2010,INFOCOM,Redes,A*,1733,1696,344,19,37,0.97865,97.865,0.011203,0.055233,5.523,Redes,23
2006-2010,ICS,Sistemas,A,213,211,52,18,2,0.99061,99.061,0.085308,0.346154,34.615,"Sistemas, arquitectura y computación",24
2006-2010,ESEM,Ing. del Software,A,271,267,132,17,4,0.98524,98.524,0.06367,0.128788,12.879,Ingeniería del Software,25
2006-2010,MODELS,Ing. del Software,A,232,227,151,16,5,0.978448,97.845,0.070485,0.10596,10.596,Ingeniería del Software,26
2006-2010,RecSys,IA / ML,A,251,251,132,16,0,1.0,100.0,0.063745,0.121212,12.121,IA / ML,27
2006-2010,MICRO,Sistemas,A*,218,217,33,15,1,0.995413,99.541,0.069124,0.454545,45.455,"Sistemas, arquitectura y computación",28
2006-2010,RE,Ing. del Software,A,299,286,162,15,13,0.956522,95.652,0.052448,0.092593,9.259,Ingeniería del Software,29
2006-2010,CP,Teoría,A,305,298,194,14,7,0.977049,97.705,0.04698,0.072165,7.216,Teoría,30
2011-2015,ICRA,IA / ML,A*,4703,4672,1650,144,31,0.993408,99.341,0.030822,0.087273,8.727,IA / ML,1
2011-2015,IROS,IA / ML,A,4273,4231,1721,123,42,0.990171,99.017,0.029071,0.07147,7.147,IA / ML,2
2011-2015,Interspeech,IA / ML,A,3748,1714,908,69,2034,0.457311,45.731,0.040257,0.075991,7.599,IA / ML,3
2011-2015,CIKM,Bases de datos,A,1775,1774,524,65,1,0.999437,99.944,0.03664,0.124046,12.405,Bases de datos,4
2011-2015,ICDAR,IA / ML,A,836,828,371,64,8,0.990431,99.043,0.077295,0.172507,17.251,IA / ML,5
2011-2015,SIGIR,Bases de datos,A*,1102,1102,381,57,0,1.0,100.0,0.051724,0.149606,14.961,Bases de datos,6
2011-2015,CVPR,IA / ML,A*,2518,2499,757,49,19,0.992454,99.245,0.019608,0.064729,6.473,IA / ML,7
2011-2015,GECCO,IA / ML,A,999,998,523,49,1,0.998999,99.9,0.049098,0.09369,9.369,IA / ML,8
2011-2015,MICCAI,IA / ML,A,1497,1475,698,47,22,0.985304,98.53,0.031864,0.067335,6.734,IA / ML,9
2011-2015,DATE,Sistemas,A,1683,1522,759,43,161,0.904337,90.434,0.028252,0.056653,5.665,"Sistemas, arquitectura y computación",10
2011-2015,ER,Bases de datos,A,226,224,144,38,2,0.99115,99.115,0.169643,0.263889,26.389,Bases de datos,11
2011-2015,RecSys,IA / ML,A,427,390,177,37,37,0.913349,91.335,0.094872,0.20904,20.904,IA / ML,12
2011-2015,ECIR,Bases de datos,A,482,470,326,34,12,0.975104,97.51,0.07234,0.104294,10.429,Bases de datos,13
2011-2015,ICME,IA / ML,A,1189,1180,259,29,9,0.992431,99.243,0.024576,0.111969,11.197,IA / ML,14
2011-2015,INFOCOM,Redes,A*,1918,1904,319,26,14,0.992701,99.27,0.013655,0.081505,8.15,Redes,15
2011-2015,WWW,Bases de datos,A*,546,546,149,25,0,1.0,100.0,0.045788,0.167785,16.779,Bases de datos,16
2011-2015,ACMMM,IA / ML,A*,1426,1426,415,24,0,1.0,100.0,0.01683,0.057831,5.783,IA / ML,17
2011-2015,ECAI,IA / ML,A,470,435,344,24,35,0.925532,92.553,0.055172,0.069767,6.977,IA / ML,18
2011-2015,WSDM,Bases de datos,A,416,416,103,24,0,1.0,100.0,0.057692,0.23301,23.301,Bases de datos,19
2011-2015,ESEM,Ing. del Software,A,267,266,144,23,1,0.996255,99.625,0.086466,0.159722,15.972,Ingeniería del Software,20
2011-2015,IPDPS,Sistemas,A,581,576,171,23,5,0.991394,99.139,0.039931,0.134503,13.45,"Sistemas, arquitectura y computación",21
2011-2015,AAAI,IA / ML,A*,2071,2016,534,22,55,0.973443,97.344,0.010913,0.041199,4.12,IA / ML,22
2011-2015,CoNEXT,Redes,A,184,184,72,22,0,1.0,100.0,0.119565,0.305556,30.556,Redes,23
2011-2015,KDD,Bases de datos,A*,1053,1053,157,22,0,1.0,100.0,0.020893,0.140127,14.013,Bases de datos,24
2011-2015,BMVC,IA / ML,A,722,458,281,21,264,0.634349,63.435,0.045852,0.074733,7.473,IA / ML,25
2011-2015,CaiSE,Ing. del Software,A,217,213,177,21,4,0.981567,98.157,0.098592,0.118644,11.864,Ingeniería del Software,26
2011-2015,MODELS,Ing. del Software,A,244,241,170,21,3,0.987705,98.77,0.087137,0.123529,12.353,Ingeniería del Software,27
2011-2015,EASE,Ing. del Software,A,182,179,111,20,3,0.983516,98.352,0.111732,0.18018,18.018,Ingeniería del Software,28
2011-2015,CHI,HCI,A*,2119,2119,841,19,0,1.0,100.0,0.008966,0.022592,2.259,HCI,29
2011-2015,CP,Teoría,A,316,309,215,19,7,0.977848,97.785,0.061489,0.088372,8.837,Teoría,30
2016-2020,IROS,IA / ML,A,4856,4761,1770,120,95,0.980437,98.044,0.025205,0.067797,6.78,IA / ML,1
2016-2020,MICCAI,IA / ML,A,3950,3882,1481,100,68,0.982785,98.278,0.02576,0.067522,6.752,IA / ML,2
2016-2020,ICRA,IA / ML,A*,4402,4258,1496,67,144,0.967288,96.729,0.015735,0.044786,4.479,IA / ML,3
2016-2020,IJCAI,IA / ML,A*,4064,3676,1113,54,388,0.904528,90.453,0.01469,0.048518,4.852,IA / ML,4
2016-2020,CVPR,IA / ML,A*,5164,5027,1415,51,137,0.97347,97.347,0.010145,0.036042,3.604,IA / ML,5
2016-2020,ACL,IA / ML,A*,2509,2298,702,45,211,0.915903,91.59,0.019582,0.064103,6.41,IA / ML,6
2016-2020,GECCO,IA / ML,A,848,838,467,39,10,0.988208,98.821,0.046539,0.083512,8.351,IA / ML,7
2016-2020,ECAI,IA / ML,A,703,621,367,38,82,0.883357,88.336,0.061192,0.103542,10.354,IA / ML,8
2016-2020,Interspeech,IA / ML,A,4458,1769,912,38,2689,0.396815,39.681,0.021481,0.041667,4.167,IA / ML,9
2016-2020,ICDAR,IA / ML,A,472,460,176,34,12,0.974576,97.458,0.073913,0.193182,19.318,IA / ML,10
2016-2020,AAAI,IA / ML,A*,5786,5618,1271,33,168,0.970964,97.096,0.005874,0.025964,2.596,IA / ML,11
2016-2020,DATE,Sistemas,A,1608,1284,613,33,324,0.798507,79.851,0.025701,0.053834,5.383,"Sistemas, arquitectura y computación",12
2016-2020,ER,Bases de datos,A,218,214,146,33,4,0.981651,98.165,0.154206,0.226027,22.603,Bases de datos,13
2016-2020,INFOCOM,Redes,A*,1455,1444,276,29,11,0.99244,99.244,0.020083,0.105072,10.507,Redes,14
2016-2020,RecSys,IA / ML,A,572,557,266,29,15,0.973776,97.378,0.052065,0.109023,10.902,IA / ML,15
2016-2020,ECCV,IA / ML,A*,2549,2499,562,25,50,0.980384,98.038,0.010004,0.044484,4.448,IA / ML,16
2016-2020,CaiSE,Ing. del Software,A,187,182,143,22,5,0.973262,97.326,0.120879,0.153846,15.385,Ingeniería del Software,17
2016-2020,SIGIR,Bases de datos,A*,1384,1384,401,22,0,1.0,100.0,0.015896,0.054863,5.486,Bases de datos,18
2016-2020,CCS,Seguridad,A*,955,955,320,21,0,1.0,100.0,0.02199,0.065625,6.562,Seguridad,19
2016-2020,EMNLP,IA / ML,A*,1887,1646,455,20,241,0.872284,87.228,0.012151,0.043956,4.396,IA / ML,20
2016-2020,CIKM,Bases de datos,A,1878,1878,410,19,0,1.0,100.0,0.010117,0.046341,4.634,Bases de datos,21
2016-2020,MODELS,Ing. del Software,A,190,146,111,19,44,0.768421,76.842,0.130137,0.171171,17.117,Ingeniería del Software,22
2016-2020,WWW,Bases de datos,A*,1195,1177,299,19,18,0.984937,98.494,0.016143,0.063545,6.355,Bases de datos,23
2016-2020,CoNEXT,Redes,A,206,202,81,15,4,0.980583,98.058,0.074257,0.185185,18.519,Redes,24
2016-2020,ESEM,Ing. del Software,A,268,265,120,15,3,0.988806,98.881,0.056604,0.125,12.5,Ingeniería del Software,25
2016-2020,ICS,Sistemas,A,194,192,46,15,2,0.989691,98.969,0.078125,0.326087,32.609,"Sistemas, arquitectura y computación",26
2016-2020,ICCV,IA / ML,A*,1696,1632,471,14,64,0.962264,96.226,0.008578,0.029724,2.972,IA / ML,27
2016-2020,IPDPS,Sistemas,A,569,560,141,14,9,0.984183,98.418,0.025,0.099291,9.929,"Sistemas, arquitectura y computación",28
2016-2020,LAK,IA / ML,A,434,431,163,14,3,0.993088,99.309,0.032483,0.08589,8.589,IA / ML,29
2016-2020,MSWIM,Redes,A,215,215,104,14,0,1.0,100.0,0.065116,0.134615,13.462,Redes,30
2021-2025,MICCAI,IA / ML,A,6400,5403,1992,129,997,0.844219,84.422,0.023876,0.064759,6.476,IA / ML,1
2021-2025,NeurIPS,IA / ML,A*,13202,12240,2925,99,962,0.927132,92.713,0.008088,0.033846,3.385,IA / ML,2
2021-2025,IROS,IA / ML,A,7008,6898,2012,87,110,0.984304,98.43,0.012612,0.043241,4.324,IA / ML,3
2021-2025,ICRA,IA / ML,A*,7020,6884,1975,84,136,0.980627,98.063,0.012202,0.042532,4.253,IA / ML,4
2021-2025,AAAI,IA / ML,A*,11958,11437,2373,78,521,0.956431,95.643,0.00682,0.03287,3.287,IA / ML,5
2021-2025,CVPR,IA / ML,A*,11674,11392,2680,68,282,0.975844,97.584,0.005969,0.025373,2.537,IA / ML,6
2021-2025,ICML,IA / ML,A*,10112,8138,2072,62,1974,0.804786,80.479,0.007619,0.029923,2.992,IA / ML,7
2021-2025,ICLR,IA / ML,A*,9491,9346,2286,61,145,0.984722,98.472,0.006527,0.026684,2.668,IA / ML,8
2021-2025,ECAI,IA / ML,A,1701,1683,819,58,18,0.989418,98.942,0.034462,0.070818,7.082,IA / ML,9
2021-2025,GECCO,IA / ML,A,839,838,474,52,1,0.998808,99.881,0.062053,0.109705,10.97,IA / ML,10
2021-2025,DATE,Sistemas,A,1768,1704,683,48,64,0.963801,96.38,0.028169,0.070278,7.028,"Sistemas, arquitectura y computación",11
2021-2025,IJCAI,IA / ML,A*,4758,3671,1138,48,1087,0.771543,77.154,0.013075,0.042179,4.218,IA / ML,12
2021-2025,MSWIM,Redes,A,221,221,146,45,0,1.0,100.0,0.20362,0.308219,30.822,Redes,13
2021-2025,INFOCOM,Redes,A*,1254,1222,190,34,32,0.974482,97.448,0.027823,0.178947,17.895,Redes,14
2021-2025,SIGIR,Bases de datos,A*,2224,2220,597,30,4,0.998201,99.82,0.013514,0.050251,5.025,Bases de datos,15
2021-2025,EMNLP,IA / ML,A*,5802,3176,824,29,2626,0.547397,54.74,0.009131,0.035194,3.519,IA / ML,16
2021-2025,CHI,HCI,A*,4568,4559,1559,27,9,0.99803,99.803,0.005922,0.017319,1.732,HCI,17
2021-2025,WACV,IA / ML,A,3220,3133,1011,27,87,0.972981,97.298,0.008618,0.026706,2.671,IA / ML,18
2021-2025,CCS,Seguridad,A*,1617,1615,509,26,2,0.998763,99.876,0.016099,0.051081,5.108,Seguridad,19
2021-2025,ICCV,IA / ML,A*,3767,3689,960,26,78,0.979294,97.929,0.007048,0.027083,2.708,IA / ML,20
2021-2025,IMC,Redes,A,322,318,125,24,4,0.987578,98.758,0.075472,0.192,19.2,Redes,21
2021-2025,MICRO,Sistemas,A*,516,511,92,24,5,0.99031,99.031,0.046967,0.26087,26.087,"Sistemas, arquitectura y computación",22
2021-2025,WWW,Bases de datos,A*,2008,2008,325,22,0,1.0,100.0,0.010956,0.067692,6.769,Bases de datos,23
2021-2025,ECCV,IA / ML,A*,4031,3951,813,21,80,0.980154,98.015,0.005315,0.02583,2.583,IA / ML,24
2021-2025,ACL,IA / ML,A*,4342,1903,503,20,2439,0.438277,43.828,0.01051,0.039761,3.976,IA / ML,25
2021-2025,CIKM,Bases de datos,A,3482,3469,574,20,13,0.996267,99.627,0.005765,0.034843,3.484,Bases de datos,26
2021-2025,MOBICOM,Redes,A*,790,786,153,20,4,0.994937,99.494,0.025445,0.130719,13.072,Redes,27
2021-2025,MODELS,Ing. del Software,A,149,148,104,20,1,0.993289,99.329,0.135135,0.192308,19.231,Ingeniería del Software,28
2021-2025,RecSys,IA / ML,A,919,919,436,20,0,1.0,100.0,0.021763,0.045872,4.587,IA / ML,29
2021-2025,ICDE,Bases de datos,A*,1918,1906,390,19,12,0.993743,99.374,0.009969,0.048718,4.872,Bases de datos,30
